node_id,transport_signature,had_hit,collider_id,domain_id,boundary_event_bucket,area_px,centroid_x,centroid_y,bbox_x0,bbox_y0,bbox_x1,bbox_y1,mean_hit_distance,mean_path_length,mean_step_count,mean_boundary_event_count,mean_normal_x,mean_normal_y,mean_normal_z,is_unresolved_island_member,precision_floor_label,epsilon_stable_area_px,source_step_length,traversal,stride
0,1|26206012821|0|0,1,26206012821,0,0,1769,7.643301,61.166761,0,0,19,111,6.245116,6.245116,271.453929,0.0,1.0,0.0,0.0,0,,,0.015,row,1
1,1|26105349517|0|0,1,26105349517,0,0,14140,79.5,53.140736,11,0,148,109,5.499055,5.499055,271.021075,0.0,0.0,0.0,1.0,0,,,0.015,row,1
2,1|26256344472|0|0,1,26256344472,0,0,1769,151.356699,61.166761,140,0,159,111,6.245116,6.245116,271.453929,0.0,-1.0,0.0,0.0,0,,,0.015,row,1
3,1|26306676123|0|0,1,26306676123,0,0,242,79.5,110.504132,19,110,140,111,6.660459,6.660459,279.0,0.0,0.0,1.0,0.0,0,,,0.015,row,1
