x,y,neighbor_x,neighbor_y,collider_change,domain_change,hit_distance_delta,hit_normal_angle_delta,path_length_delta,boundary_event_delta,step_count_delta,ownership_flip_score,total_transport_discontinuity_score
120,33,120,34,1,0,32.651459,0.0,0.0,0,500.0,1.0,3.0
121,33,121,34,1,0,32.591301,0.0,0.0,0,500.0,1.0,3.0
122,33,122,34,1,0,32.532471,0.0,0.0,0,500.0,1.0,3.0
123,33,123,34,1,0,32.47506,0.0,0.0,0,500.0,1.0,3.0
124,33,124,34,1,0,32.419182,0.0,0.0,0,500.0,1.0,3.0
125,33,125,34,1,0,32.3647,0.0,0.0,0,500.0,1.0,3.0
126,33,126,34,1,0,32.311852,0.0,0.0,0,500.0,1.0,3.0
127,33,127,34,1,0,32.260311,0.0,0.0,0,500.0,1.0,3.0
119,34,120,34,1,0,33.651459,0.0,17.348541,0,0.0,1.0,3.0
