region_id,collider_id,area,centroid_x,centroid_y,bbox_x0,bbox_y0,bbox_x1,bbox_y1,contour_pixel_count,mean_discontinuity_score,max_discontinuity_score,boundary_flip_count,high_vector_count,boundary_high_vector_density,boundary_aligns_with_high_vector_density
0,26206012821,102,5.176,4.088,0,0,11,8,37,2.011825,2.020066,10,10,0.27027,True
1,26105349517,1120,78.464,3.57,11,0,148,8,287,2.011954,2.020066,19,19,0.066202,True
2,26256344472,90,153.867,3.567,148,0,159,7,35,2.012098,2.020066,9,9,0.257143,True
3,26206012821,494,6.395,32.194,0,14,14,49,95,2.284463,3.0,54,54,0.568421,True
4,26105349517,4772,79.5,31.356,12,14,147,49,334,2.638628,3.0,214,214,0.640719,True
5,26256344472,494,152.605,32.194,145,14,159,49,95,2.284463,3.0,54,54,0.568421,True
