{
  "checkpoints": [
    {
      "checkpoint": "post_throat_backstep_01",
      "opl_mean": 7.590756544893145,
      "opl_max": 12.261133193969727,
      "portal_hit_density": 0.09638888888888889,
      "throat_event_density": 0.055462962962962964,
      "crossings_per_pixel": 0.20981481481481482,
      "segments_per_crossing": 366.02916298911447,
      "average_segments_per_ray": 76.79834104938271,
      "zscore_distance": 4.399904651510331,
      "isolation_forest_score": 0.615951152694625,
      "local_outlier_factor_score": 1.3495723581660144,
      "zscore_distance_norm": 1.0,
      "isolation_forest_score_norm": 1.0,
      "local_outlier_factor_score_norm": 1.0,
      "mean_rank_score": 1.0
    },
    {
      "checkpoint": "exit_lookback",
      "opl_mean": 8.433674615105879,
      "opl_max": 16.30695915222168,
      "portal_hit_density": 0.2557484567901235,
      "throat_event_density": 0.21976851851851853,
      "crossings_per_pixel": 1.4199537037037038,
      "segments_per_crossing": 60.961423929227394,
      "average_segments_per_ray": 86.56239969135802,
      "zscore_distance": 2.9376235245465963,
      "isolation_forest_score": 0.5156587131416922,
      "local_outlier_factor_score": 0.9676762113637363,
      "zscore_distance_norm": 0.5530888966775116,
      "isolation_forest_score_norm": 0.5462574793086437,
      "local_outlier_factor_score_norm": 0.014208793348401735,
      "mean_rank_score": 3.0
    },
    {
      "checkpoint": "mouth",
      "opl_mean": 9.95990452965417,
      "opl_max": 15.807109832763672,
      "portal_hit_density": 0.14645061728395062,
      "throat_event_density": 0.09685956790123457,
      "crossings_per_pixel": 0.6494907407407408,
      "segments_per_crossing": 153.25902297621593,
      "average_segments_per_ray": 99.5403163580247,
      "zscore_distance": 2.0097883042408715,
      "isolation_forest_score": 0.45116577910951333,
      "local_outlier_factor_score": 1.001973776348003,
      "zscore_distance_norm": 0.2695183476482077,
      "isolation_forest_score_norm": 0.25447889076311775,
      "local_outlier_factor_score_norm": 0.10274133879080632,
      "mean_rank_score": 3.6666666666666665
    },
    {
      "checkpoint": "post_throat_exit_approach",
      "opl_mean": 8.11706313744124,
      "opl_max": 14.898014068603516,
      "portal_hit_density": 0.17982253086419753,
      "throat_event_density": 0.2111033950617284,
      "crossings_per_pixel": 1.6543981481481482,
      "segments_per_crossing": 50.31049391353015,
      "average_segments_per_ray": 83.23358796296296,
      "zscore_distance": 2.5273581132959198,
      "isolation_forest_score": 0.4898072808369387,
      "local_outlier_factor_score": 0.9621717156917818,
      "zscore_distance_norm": 0.4277011280630012,
      "isolation_forest_score_norm": 0.42930056700569824,
      "local_outlier_factor_score_norm": 0.0,
      "mean_rank_score": 4.0
    },
    {
      "checkpoint": "throat",
      "opl_mean": 9.507781616188664,
      "opl_max": 15.192643165588379,
      "portal_hit_density": 0.17503858024691357,
      "throat_event_density": 0.11390432098765432,
      "crossings_per_pixel": 0.7478703703703704,
      "segments_per_crossing": 128.17277454500433,
      "average_segments_per_ray": 95.85662037037036,
      "zscore_distance": 1.1279315094410425,
      "isolation_forest_score": 0.4207660216176031,
      "local_outlier_factor_score": 1.0488597124452215,
      "zscore_distance_norm": 0.0,
      "isolation_forest_score_norm": 0.11694446988082179,
      "local_outlier_factor_score_norm": 0.2237683350233617,
      "mean_rank_score": 4.333333333333333
    },
    {
      "checkpoint": "mouth_to_throat_approach",
      "opl_mean": 9.728743336360798,
      "opl_max": 15.51618480682373,
      "portal_hit_density": 0.16326388888888888,
      "throat_event_density": 0.10481481481481482,
      "crossings_per_pixel": 0.6987191358024691,
      "segments_per_crossing": 139.62247940455418,
      "average_segments_per_ray": 97.55689814814815,
      "zscore_distance": 1.5205885488691953,
      "isolation_forest_score": 0.3949173395088569,
      "local_outlier_factor_score": 1.001973776348003,
      "zscore_distance_norm": 0.12000619270970705,
      "isolation_forest_score_norm": 0.0,
      "local_outlier_factor_score_norm": 0.10274133879080632,
      "mean_rank_score": 4.666666666666667
    }
  ],
  "dominant_transport_anomaly": "post_throat_backstep_01",
  "bridge_is_top_ranked": true
}