node_id,transport_signature,had_hit,collider_id,domain_id,boundary_event_bucket,area_px,centroid_x,centroid_y,bbox_x0,bbox_y0,bbox_x1,bbox_y1,mean_hit_distance,mean_path_length,mean_step_count,mean_boundary_event_count,mean_normal_x,mean_normal_y,mean_normal_z,is_unresolved_island_member,precision_floor_label,epsilon_stable_area_px,source_step_length,traversal,stride
0,1|26206012821|0|0,1,26206012821,0,0,90,5.133333,3.566667,0,0,11,7,6.591948,6.591948,700.0,0.0,1.0,0.0,0.0,0,,,0.015,row,1
1,1|26105349517|0|0,1,26105349517,0,0,1048,77.416031,3.314885,11,0,148,7,5.85869,5.85869,700.0,0.0,0.0,0.0,1.0,0,,,0.015,row,1
2,1|26256344472|0|0,1,26256344472,0,0,78,153.923077,3.038462,148,0,159,6,6.603469,6.603469,700.0,0.0,-1.0,0.0,0.0,0,,,0.015,row,1
3,0|0|0|0,0,0,0,0,1024,82.5,10.28125,0,7,159,13,0.0,,0.0,0.0,,,,0,,,0.015,row,1
4,1|26206012821|0|0,1,26206012821,0,0,494,6.394737,32.194332,0,14,14,49,6.069751,6.069751,677.894737,0.0,1.0,0.0,0.0,0,,,0.015,row,1
5,1|26105349517|0|0,1,26105349517,0,0,4772,79.5,31.356245,12,14,147,49,5.237164,5.237164,680.167645,0.0,0.0,0.0,1.0,0,,,0.015,row,1
6,1|26256344472|0|0,1,26256344472,0,0,494,152.605263,32.194332,145,14,159,49,6.069751,6.069751,677.894737,0.0,-1.0,0.0,0.0,0,,,0.015,row,1
7,0|0|0|0,0,0,0,0,9920,79.5,80.5,0,50,159,111,0.0,,0.0,0.0,,,,0,,,0.015,row,1
