region_id,collider_id,area,centroid_x,centroid_y,bbox_x0,bbox_y0,bbox_x1,bbox_y1,contour_pixel_count,mean_discontinuity_score,max_discontinuity_score,boundary_flip_count,high_vector_count,boundary_high_vector_density,boundary_aligns_with_high_vector_density
0,26206012821,90,5.133,3.567,0,0,11,7,35,2.012099,2.020066,9,9,0.257143,True
1,26105349517,1100,79.5,3.489,11,0,148,7,286,2.012098,2.020066,18,18,0.062937,True
2,26256344472,90,153.867,3.567,148,0,159,7,35,2.012098,2.020066,9,9,0.257143,True
3,26206012821,494,6.395,32.194,0,14,14,49,95,2.284463,3.0,54,54,0.568421,True
4,26105349517,4772,79.5,31.356,12,14,147,49,334,2.638628,3.0,214,214,0.640719,True
5,26256344472,494,152.605,32.194,145,14,159,49,95,2.284463,3.0,54,54,0.568421,True
